Debt_to_Equity,Beta,Interest_Coverage,Stock_Price
1.186,1.896,8.22,113.2
2.857,1.572,22.134,126.42
2.223,1.119,35.045,155.47
1.836,2.128,29.557,139.68
0.552,1.869,32.456,179.12
0.552,0.825,26.693,185.53
0.268,2.322,27.999,171.86
2.612,2.145,34.119,140.35
1.843,2.4,10.737,109.14
2.153,1.951,20.088,126.55
0.16,1.727,9.627,146.0
2.913,1.336,39.519,153.51
2.514,2.365,37.818,144.75
0.716,2.232,2.538,114.71
0.627,0.59,28.517,180.7
0.632,0.553,37.085,197.9
0.982,1.253,8.042,126.68
1.622,2.121,23.15,136.73
1.353,2.475,36.704,159.05
0.945,0.801,2.324,124.25
1.874,1.688,28.199,147.31
0.505,1.262,12.597,152.62
0.947,2.44,37.051,173.12
1.162,2.184,38.871,168.13
1.423,2.177,37.826,163.38
2.377,1.437,19.494,127.88
0.679,1.33,34.62,181.19
1.591,1.047,33.937,169.21
1.818,0.613,13.445,135.77
0.235,2.229,33.328,176.11
1.862,2.126,2.443,95.69
0.595,2.499,24.255,148.96
0.289,2.493,9.97,131.02
2.852,1.611,5.702,90.55
2.9,2.038,4.001,75.77
2.444,2.39,28.155,129.33
0.983,2.199,14.255,131.52
0.383,0.995,29.266,185.5
2.084,1.401,3.549,102.74
1.376,0.758,13.296,144.16
0.454,2.408,22.04,152.98
1.536,1.712,31.838,157.83
0.2,0.957,13.431,159.46
2.737,1.843,25.41,125.99
0.85,1.736,35.553,178.01
2.021,1.216,25.019,144.19
1.004,0.727,10.085,139.25
1.608,1.843,1.952,100.46
1.685,1.541,34.934,159.85
0.636,2.045,1.83,122.55
2.912,1.54,35.113,138.58
2.348,2.204,21.629,118.14
2.825,1.604,37.624,145.47
2.695,1.622,32.153,142.59
1.834,2.253,39.919,160.92
2.773,1.307,14.678,114.57
0.357,0.768,30.92,187.99
0.668,0.558,16.675,162.13
0.231,2.01,19.715,154.7
1.043,1.741,25.473,162.62
1.227,1.908,35.073,164.59
0.887,0.926,39.379,194.73
2.503,0.773,30.963,153.3
1.135,0.529,17.293,155.59
0.915,1.201,17.433,149.94
1.674,1.68,29.766,152.9
0.509,1.284,10.312,144.12
2.426,1.375,5.308,98.95
0.316,2.308,14.83,146.2
2.962,1.197,12.202,110.92
2.34,1.528,12.556,110.47
0.676,2.067,10.111,127.12
0.116,1.293,2.642,136.89
2.465,1.744,1.697,95.5
2.15,2.225,39.521,153.33
2.214,2.399,17.683,118.11
2.337,0.794,15.989,132.22
0.315,2.353,27.506,163.94
1.14,1.484,9.512,130.5
0.436,1.016,38.048,203.33
2.603,1.418,31.667,141.99
1.908,2.46,4.487,93.6
1.06,1.485,17.286,142.47
0.284,1.158,35.286,191.46
1.002,1.767,37.845,176.93
1.043,0.98,19.229,150.41
2.216,0.652,24.923,147.25
1.949,0.758,7.514,117.04
2.673,0.756,39.656,164.9
1.469,0.804,10.035,127.31
0.447,0.778,37.767,201.59
2.168,1.782,26.336,139.5
2.306,0.864,24.702,136.61
1.728,1.191,20.995,143.52
2.336,2.294,9.996,102.1
1.532,1.448,7.885,115.61
1.616,1.835,9.599,121.19
1.34,0.845,8.271,131.88
0.174,0.885,31.404,190.66
0.413,0.582,14.655,161.79
0.191,0.838,3.256,144.04
1.946,1.057,38.795,172.35
1.012,0.854,35.468,186.99
1.575,0.677,37.182,177.69
2.732,0.741,39.801,164.08
0.823,1.422,7.782,127.89
1.29,0.913,16.453,145.11
2.291,1.229,30.571,146.33
0.764,1.507,28.145,166.62
0.323,1.881,7.002,137.93
0.94,0.579,32.817,188.48
0.568,2.099,9.753,133.97
2.796,1.756,9.729,92.84
2.444,0.664,21.942,136.59
1.937,2.247,24.125,135.23
2.627,2.342,23.623,117.56
2.431,0.622,4.568,113.96
0.641,1.054,35.221,190.39
2.688,2.112,11.358,97.29
1.664,1.997,6.051,106.05
2.442,0.869,35.661,160.21
2.699,0.919,38.27,158.82
1.022,1.241,34.623,181.16
0.419,1.469,32.571,186.33
0.761,1.737,26.554,160.9
1.339,1.238,22.483,147.52
2.472,1.425,4.392,90.8
2.596,1.995,16.93,111.33
0.12,0.573,15.535,165.62
1.581,1.005,11.13,123.06
1.31,1.927,29.213,157.05
0.744,2.29,20.339,153.22
0.448,1.523,4.161,131.13
1.079,1.564,9.587,131.58
2.834,0.714,27.647,140.43
1.037,1.395,3.969,121.44
1.604,1.565,34.197,166.66
2.139,0.985,20.311,135.37
1.155,1.038,19.743,153.09
2.918,1.255,24.104,126.77
2.891,0.54,33.163,149.17
0.83,1.144,14.565,150.53
1.542,0.923,27.443,160.04
0.973,1.155,23.064,157.87
0.926,0.74,11.414,146.61
0.207,2.281,35.267,179.69
1.868,1.687,32.1,154.0
1.558,1.858,26.68,147.66
0.249,2.078,34.173,185.35
0.908,1.497,34.824,179.8
2.734,0.674,28.626,144.15
0.795,1.574,33.644,179.81
0.52,1.674,28.201,175.48
1.519,1.991,27.525,149.98
2.958,1.363,25.126,125.66
0.802,0.755,30.356,177.21
2.049,1.068,7.186,110.04
2.309,1.226,35.354,156.45
0.789,1.792,35.002,175.47
2.212,1.642,2.141,93.77
1.167,1.212,33.207,174.39
1.934,2.473,6.026,97.95
1.937,1.712,14.07,119.7
1.654,0.974,29.997,163.99
0.362,0.704,7.27,148.32
2.522,0.806,32.901,148.23
1.03,0.992,33.453,176.95
0.641,0.821,20.791,165.6
0.218,0.873,1.249,134.22
1.814,1.07,12.194,128.26
2.065,0.847,25.06,152.37
0.148,2.294,39.266,194.14
1.585,0.66,25.641,159.06
0.757,1.549,11.132,142.3
1.971,1.321,25.726,145.42
0.606,2.465,22.059,148.21
2.104,0.724,31.414,158.14
1.222,1.296,5.172,120.85
2.817,2.439,30.68,124.09
0.499,2.231,22.109,154.55
1.089,2.134,38.557,174.67
0.429,1.016,14.333,155.89
2.782,0.842,25.672,137.34
2.644,1.837,37.349,151.16
0.848,2.359,4.998,118.27
2.014,1.614,37.552,157.52
2.47,1.643,27.828,128.25
1.71,1.06,3.646,115.87
1.636,2.039,12.738,114.91
0.801,0.874,28.619,175.93
0.37,1.147,3.627,132.59
2.702,1.351,23.705,122.42
2.711,1.515,14.489,110.73
1.936,0.985,25.216,151.0
1.083,0.73,2.784,125.03
1.113,1.721,34.99,164.52
2.205,1.077,38.966,165.89
2.702,1.662,38.786,152.41
2.673,0.809,30.236,142.17
2.362,1.462,6.073,101.42
1.962,1.565,30.572,150.89
0.344,0.604,1.959,141.82
0.569,1.173,1.863,129.39
2.706,0.769,13.621,113.66
1.859,0.627,20.057,148.71
0.127,2.48,31.046,173.36
0.394,1.145,27.649,178.85
2.024,2.12,18.39,118.43
0.115,1.009,11.671,155.5
0.566,1.863,39.888,186.6
1.691,2.02,17.621,126.52
2.106,1.691,18.604,130.42
1.991,1.443,7.381,106.02
0.75,1.324,31.998,173.37
2.165,1.198,28.054,151.56
0.788,2.359,9.61,124.18
1.044,2.161,4.213,110.85
2.265,2.43,27.539,132.76
1.984,0.749,26.526,151.23
2.563,1.962,11.657,106.78
2.007,2.377,38.084,155.93
1.748,0.862,6.891,119.13
0.372,0.633,17.861,174.33
1.166,1.982,37.801,171.45
0.869,1.649,17.369,148.06
0.808,2.184,25.903,156.77
2.922,0.78,16.506,121.66
1.24,2.091,11.694,128.32
2.687,0.903,39.375,161.77
1.93,0.827,16.964,133.61
2.405,0.829,35.87,162.71
1.558,2.129,9.968,112.32
1.773,1.83,9.311,118.93
1.528,1.546,2.214,108.34
0.666,1.218,26.415,169.85
2.195,2.254,15.373,111.67
0.914,1.285,34.71,176.56
0.171,2.133,19.455,153.43
1.972,1.378,38.76,171.34
0.614,1.254,8.235,136.75
2.827,1.425,34.876,141.65
2.866,1.103,31.287,143.1
2.753,1.995,31.066,135.98
1.173,1.505,33.947,174.09
0.145,0.964,30.68,194.03
2.792,2.299,25.423,115.65
1.342,1.268,6.119,117.38
2.903,1.587,2.269,87.29
2.894,2.313,36.913,135.63
2.574,1.748,25.049,127.03
0.954,0.734,32.065,185.72
1.217,2.38,19.779,136.8
2.568,1.755,5.575,94.12
1.019,1.17,5.882,134.7
0.592,0.779,27.737,177.99
1.715,2.088,17.782,128.87
2.815,1.74,8.82,94.5
2.118,1.567,20.172,130.19
1.753,2.288,3.504,101.88
0.382,2.077,23.697,162.38
1.884,0.803,11.491,128.75
2.971,1.123,32.105,144.05
0.506,0.997,13.104,151.42
1.603,1.988,18.754,128.53
2.644,0.567,1.453,95.08
2.248,1.64,3.825,90.84
2.121,2.025,16.307,123.04
2.137,2.254,19.718,116.67
1.143,1.184,24.401,158.48
0.951,2.143,12.375,128.61
2.447,0.721,28.104,148.81
2.449,2.193,34.545,144.23
2.615,0.755,31.414,153.0
2.748,1.295,2.545,87.83
1.583,2.095,19.74,131.4
1.554,0.8,5.092,122.44
2.415,0.959,10.44,113.07
1.985,1.945,39.48,166.82
2.136,1.94,6.557,101.55
2.408,1.782,20.457,124.3
2.681,1.888,25.108,126.27
1.08,1.585,28.396,166.17
1.189,1.004,22.826,158.18
0.373,1.191,1.381,127.59
1.777,0.863,13.732,133.57
0.204,2.317,21.191,154.71
1.45,1.667,4.427,110.28
1.674,1.302,14.674,132.42
0.931,1.424,2.295,124.0
1.813,2.395,4.065,96.01
0.188,0.807,16.48,167.52
0.208,1.672,6.176,142.42
2.486,1.512,23.134,129.47
1.145,1.723,27.889,166.72
0.468,0.536,32.223,194.84
1.615,2.244,8.806,104.57
2.333,2.364,7.532,95.46
0.726,1.63,5.078,127.66
1.906,1.893,25.821,143.32
0.348,2.345,28.553,169.01
0.25,1.914,2.232,126.13
1.641,0.805,37.512,174.65
1.668,1.653,3.027,104.96
1.949,1.713,22.111,131.61
2.206,1.348,28.653,143.95
2.93,1.973,34.968,138.29
1.597,2.369,28.849,149.76
1.037,2.351,32.267,162.39
2.406,1.402,14.239,111.91
0.885,0.726,32.778,185.69
1.373,2.47,4.124,106.66
0.328,2.178,35.898,180.75
0.174,0.749,22.356,177.72
2.892,2.342,32.875,129.06
2.524,2.24,18.64,108.89
2.118,1.538,26.1,142.34
1.286,1.683,21.53,145.05
0.603,1.298,29.532,177.99
0.554,0.61,4.184,137.58
0.826,1.17,3.354,125.82
1.693,2.106,10.637,115.57
2.172,0.509,7.222,116.68
2.015,1.167,35.0,167.91
0.912,1.296,9.549,134.02
2.869,1.575,39.059,150.44
2.24,2.34,14.139,109.85
1.708,1.193,8.103,115.27
1.874,1.194,31.798,153.89
1.317,1.975,26.69,146.06
0.818,1.404,20.43,158.99
1.132,0.949,22.659,157.37
2.298,1.405,29.049,151.74
0.142,0.782,9.91,154.21
0.437,0.853,39.857,204.19
0.233,1.497,39.017,202.7
0.218,1.338,26.363,183.49
2.581,2.33,8.782,97.57
2.141,1.225,27.529,149.94
1.475,1.661,3.816,113.46
0.384,1.765,2.195,127.64
1.526,0.526,11.05,138.45
1.473,1.827,19.042,134.18
0.602,0.856,34.863,189.19
1.358,2.422,29.36,149.33
1.256,0.797,29.966,171.26
1.886,1.329,17.594,130.41
1.942,0.671,14.491,135.16
0.231,2.494,15.471,146.63
1.186,1.504,39.518,182.0
1.915,1.691,2.564,104.29
1.559,0.634,34.814,173.57
2.584,2.0,23.568,121.33
2.01,0.92,18.106,133.22
0.573,2.296,29.285,159.25
0.305,0.91,19.98,169.31
1.963,0.881,35.064,166.84
0.177,0.573,36.127,209.51
1.799,1.444,17.447,133.59
2.827,1.63,11.796,97.71
1.769,0.631,24.102,159.53
1.226,2.051,36.582,172.83
1.966,1.407,9.216,116.06
1.429,1.549,25.296,150.54
1.682,1.382,25.631,146.4
2.83,1.302,29.591,135.58
1.22,1.619,6.131,122.91
2.887,0.81,28.917,146.02
2.726,0.864,36.452,160.81
0.668,2.224,8.008,124.24
0.301,2.392,10.264,130.99
0.392,1.247,38.884,198.39
0.153,1.041,8.058,143.95
0.374,1.788,34.321,184.56
2.081,1.317,20.199,132.65
0.306,0.551,10.642,155.64
1.025,0.812,34.959,179.95
2.55,1.932,18.367,115.52
0.167,1.818,21.078,161.52
2.462,0.554,15.01,122.54
0.917,0.944,24.125,156.97
0.443,0.962,7.377,143.68
2.121,1.844,16.252,124.26
1.924,0.539,38.807,183.74
2.645,0.708,11.067,112.44
2.232,2.1,26.613,130.72
2.43,0.857,13.682,122.01
0.918,1.805,31.165,164.92
0.615,0.976,6.104,139.11
2.277,0.699,38.823,172.81
2.44,0.986,18.698,131.59
2.972,1.945,10.206,91.23
1.297,2.211,3.866,106.47
1.179,2.16,7.621,113.94
2.352,1.294,21.271,127.94
1.088,1.836,14.143,133.16
2.799,0.91,33.326,149.79
2.589,1.086,17.805,125.16
1.344,2.293,10.7,115.14
2.278,0.526,25.069,152.29
2.288,0.671,28.564,151.37
0.399,0.916,7.515,145.29
2.717,0.553,7.537,105.78
1.565,0.863,2.43,108.58
2.497,1.666,29.72,141.21
1.028,1.343,26.888,165.99
2.697,2.285,19.511,108.31
1.229,2.135,33.923,163.52
0.131,1.184,32.421,193.34
2.726,1.019,23.829,126.91
0.365,1.259,34.863,189.49
1.026,1.681,9.028,129.99
2.855,1.036,5.365,92.07
2.857,1.748,11.52,99.21
1.763,1.319,3.226,104.18
1.932,1.604,21.716,136.46
1.4,1.372,37.528,175.78
0.95,1.089,2.534,119.55
1.053,2.397,5.762,116.15
2.05,2.027,18.636,120.12
2.282,0.78,37.421,164.49
2.396,2.237,13.33,104.62
2.39,1.475,20.782,130.13
0.364,2.289,2.621,117.65
1.534,2.1,6.785,109.59
0.267,1.35,39.479,201.34
1.694,0.545,38.64,184.6
1.38,1.037,1.193,115.39
2.674,1.583,38.121,150.39
1.118,1.767,25.926,152.86
0.439,1.016,34.849,192.89
0.515,0.779,18.735,161.89
2.308,2.17,21.108,111.65
1.893,2.469,20.065,123.72
0.393,1.551,27.008,175.64
0.344,0.843,6.446,138.21
2.133,1.045,2.169,99.94
0.311,0.537,13.009,163.23
2.483,2.329,28.483,134.8
2.148,0.736,8.872,118.54
0.336,1.653,27.264,171.01
0.346,1.048,38.827,200.54
2.961,1.608,4.662,89.92
1.185,1.803,27.231,154.11
1.175,2.159,18.306,133.5
2.457,0.913,34.858,156.11
2.847,0.522,7.909,103.87
2.959,0.774,28.012,138.24
2.285,2.3,33.686,146.78
1.191,2.248,37.84,170.67
0.342,1.695,27.647,172.51
2.354,1.701,20.39,123.04
1.719,1.83,25.096,137.58
1.33,0.851,34.887,181.29
2.728,2.329,23.254,114.57
0.422,1.338,2.185,129.74
1.529,1.266,37.307,184.02
0.133,1.538,27.892,180.25
1.459,0.594,27.384,163.65
0.263,0.833,9.411,150.93
0.445,1.976,26.697,169.78
0.441,0.666,16.361,163.86
1.983,1.706,26.398,137.04
2.264,0.991,5.157,109.4
1.792,1.279,26.656,148.37
2.89,1.077,39.977,162.63
1.187,1.211,2.88,122.53
0.929,1.938,39.11,179.08
2.619,1.094,16.869,123.94
0.748,1.633,34.959,180.07
2.893,1.452,31.513,139.78
0.135,1.827,23.114,168.71
2.913,2.374,29.8,120.18
0.225,1.965,35.262,183.91
2.684,0.93,16.761,123.79
1.63,0.562,13.754,137.67
2.98,1.025,27.036,131.51
0.314,1.69,32.506,179.71
1.706,0.603,30.729,168.64
2.911,1.493,32.115,143.68
1.617,1.694,17.988,129.74
1.925,1.168,32.896,160.62
2.118,2.042,5.688,101.85
1.418,0.713,22.235,155.7
1.92,0.65,1.225,111.2
1.795,1.956,13.659,115.62
2.713,1.491,15.292,112.08
0.232,1.877,16.451,152.35
0.915,1.37,28.123,170.67
2.856,0.993,16.154,119.32
2.682,2.138,18.499,117.13
1.421,2.099,10.264,119.45
1.898,1.889,15.557,122.15
0.904,1.044,9.864,139.54
0.646,1.68,3.855,124.09
1.445,1.222,24.534,154.5
1.125,0.683,27.06,169.38
1.793,2.335,25.16,135.5
0.325,0.774,19.076,173.15
2.926,2.4,15.812,93.97
2.96,1.392,34.67,145.84
